id_propiedad,barrio,superficie_m2,ambientes,antiguedad_anios,con_cochera,con_balcon,precio_eur,precio_por_m2,score_amenities
2085,Playa,100.0,3,7,0,1,145100.0,1451.0,1
2218,Mareny,35.0,2,24,0,0,45000.0,1285.7,0
2212,Mareny,105.0,1,8,0,0,136900.0,1303.8,0
2287,Poble Nou,51.0,3,32,0,1,61400.0,1203.9,1
2032,Els Racons,77.0,2,16,0,1,102900.0,1336.4,1
2135,Estació,85.0,2,51,0,0,81900.0,963.5,0
2202,Poble Nou,64.0,5,34,1,1,88200.0,1378.1,2
2249,Centro,120.0,1,41,0,1,168400.0,1403.3,1
2017,Centro,71.0,1,21,0,1,103000.0,1450.7,1
2178,Mareny,90.0,4,4,0,1,144700.0,1607.8,1
2026,Playa,57.0,3,47,0,0,68500.0,1201.8,0
2110,Playa,91.0,4,13,0,1,120300.0,1322.0,1
2252,Playa,95.0,5,28,0,1,133600.0,1406.3,1
2084,Poble Nou,101.0,2,23,1,1,153700.0,1521.8,2
2068,Playa,83.0,5,51,1,1,101100.0,1218.1,2
2116,Mareny,59.0,4,3,0,1,91000.0,1542.4,1
2255,Poble Nou,121.0,2,56,1,0,158000.0,1305.8,1
2228,Poble Nou,97.0,3,33,0,0,118400.0,1220.6,0
2155,Els Racons,73.0,5,33,1,1,102600.0,1405.5,2
2062,Mareny,90.0,2,18,0,1,129200.0,1435.6,1
2066,Centro,98.0,5,27,0,0,141600.0,1444.9,0
2230,Centro,55.0,5,6,0,1,77100.0,1401.8,1
2197,Estació,49.0,2,58,1,1,66400.0,1355.1,2
2119,Mareny,123.0,3,27,0,1,158000.0,1284.6,1
2164,Poble Nou,78.0,2,28,1,0,102200.0,1310.3,1
2216,Estació,39.0,1,44,1,1,45000.0,1153.8,2
2079,Els Racons,70.0,1,29,0,1,87100.0,1244.3,1
2104,Els Racons,130.0,3,17,0,1,189400.0,1456.9,1
2214,Els Racons,108.0,3,32,1,1,161500.0,1495.4,2
2006,Estació,79.0,4,55,1,0,95200.0,1205.1,1
2258,Playa,62.0,1,10,0,1,106700.0,1721.0,1
2201,Mareny,62.0,5,27,0,1,77200.0,1245.2,1
2103,Els Racons,74.0,4,22,1,1,101200.0,1367.6,2
2039,Mareny,110.0,5,25,0,0,133400.0,1212.7,0
2226,Centro,109.0,3,41,1,0,149400.0,1370.6,1
2285,Estació,81.0,2,28,0,0,98500.0,1216.0,0
2181,Estació,150.0,2,14,1,1,243100.0,1620.7,2
2242,Centro,78.0,4,50,0,1,95600.0,1225.6,1
2167,Centro,93.0,2,45,0,0,109100.0,1173.1,0
2127,Poble Nou,113.0,2,4,0,1,158700.0,1404.4,1
2143,Centro,137.0,1,50,1,0,187500.0,1368.6,1
2109,Els Racons,95.0,3,50,0,0,106600.0,1122.1,0
2298,Els Racons,102.0,1,8,0,1,150200.0,1472.5,1
2204,Els Racons,99.0,1,29,0,1,115100.0,1162.6,1
2133,Centro,58.0,5,23,1,1,86500.0,1491.4,2
2131,Mareny,88.0,2,31,0,0,101300.0,1151.1,0
2048,Centro,115.0,1,2,0,1,180400.0,1568.7,1
2007,Poble Nou,81.0,5,0,0,1,111600.0,1377.8,1
2128,Centro,101.0,4,34,0,1,113700.0,1125.7,1
2244,Els Racons,51.0,4,54,0,1,65100.0,1276.5,1
2067,Centro,91.0,2,42,1,1,142200.0,1562.6,2
2075,Mareny,105.0,2,12,1,0,131800.0,1255.2,1
2083,Poble Nou,67.0,2,8,0,1,95300.0,1422.4,1
2211,Estació,87.0,5,34,0,1,123100.0,1414.9,1
2071,Poble Nou,45.0,2,43,0,1,58600.0,1302.2,1
2047,Centro,113.0,1,20,1,0,164000.0,1451.3,1
2154,Poble Nou,88.0,3,22,0,1,125300.0,1423.9,1
2038,Els Racons,125.0,3,42,1,1,169900.0,1359.2,2
2004,Poble Nou,73.0,2,26,0,1,101000.0,1383.6,1
2074,Mareny,41.0,5,38,0,0,45000.0,1097.6,0
2078,Estació,60.0,4,22,1,1,75000.0,1250.0,2
2059,Mareny,39.0,2,49,0,1,45000.0,1153.8,1
2015,Mareny,46.0,1,11,1,1,62800.0,1365.2,2
2147,Centro,93.0,5,57,1,0,109000.0,1172.0,1
2182,Centro,82.0,2,57,1,1,93500.0,1140.2,2
2065,Poble Nou,35.0,4,22,0,1,67100.0,1917.1,1
2196,Mareny,72.0,1,48,0,0,64900.0,901.4,0
2051,Centro,135.0,4,9,1,0,202300.0,1498.5,1
2024,Playa,74.0,4,8,0,1,99200.0,1340.5,1
2044,Centro,119.0,3,7,1,0,188300.0,1582.4,1
2080,Centro,60.0,1,43,0,0,70400.0,1173.3,0
2025,Estació,86.0,5,3,1,1,133700.0,1554.7,2
2123,Mareny,50.0,1,53,0,1,45000.0,900.0,1
2158,Els Racons,105.0,4,4,0,1,155600.0,1481.9,1
2129,Els Racons,35.0,2,33,0,1,59500.0,1700.0,1
2271,Playa,71.0,2,35,1,1,98100.0,1381.7,2
2284,Els Racons,65.0,4,0,0,1,107200.0,1649.2,1
2264,Els Racons,130.0,5,44,0,1,174100.0,1339.2,1
2245,Mareny,47.0,2,42,1,0,51100.0,1087.2,1
2198,Centro,91.0,1,33,0,0,132500.0,1456.0,0
2041,Mareny,73.0,4,18,0,0,100800.0,1380.8,0
2160,Centro,80.0,1,15,0,1,128000.0,1600.0,1
2106,Centro,55.0,2,18,1,1,89400.0,1625.5,2
2191,Mareny,136.0,2,41,0,1,171400.0,1260.3,1
2016,Estació,84.0,2,24,1,1,106000.0,1261.9,2
2199,Poble Nou,134.0,5,26,1,1,195700.0,1460.4,2
2247,Poble Nou,84.0,5,32,1,0,105800.0,1259.5,1
2293,Centro,61.0,1,14,1,0,86800.0,1423.0,1
2102,Mareny,35.0,2,26,1,1,51800.0,1480.0,2
2163,Estació,116.0,1,25,0,0,154100.0,1328.4,0
2291,Estació,90.0,5,36,0,0,101400.0,1126.7,0
2058,Els Racons,56.0,2,45,0,1,70600.0,1260.7,1
2150,Centro,84.0,2,0,0,1,123400.0,1469.0,1
2299,Els Racons,83.0,3,11,1,0,113600.0,1368.7,1
2176,Mareny,72.0,4,9,0,0,115500.0,1604.2,0
2031,Els Racons,89.0,4,13,1,0,125900.0,1414.6,1
2231,Els Racons,88.0,4,49,0,0,90800.0,1031.8,0
2279,Poble Nou,59.0,2,15,0,1,69100.0,1171.2,1
2043,Poble Nou,118.0,2,30,1,1,157800.0,1337.3,2
2222,Estació,86.0,1,22,1,0,107000.0,1244.2,1
2238,Mareny,123.0,4,14,1,1,191000.0,1552.8,2
2227,Mareny,158.0,5,10,1,1,222700.0,1409.5,2
2099,Els Racons,35.0,4,3,1,0,76400.0,2182.9,1
2282,Estació,89.0,1,46,0,1,100300.0,1127.0,1
2234,Estació,93.0,5,55,0,0,118900.0,1278.5,0
2046,Els Racons,106.0,3,30,0,1,124200.0,1171.7,1
2095,Playa,92.0,1,29,1,0,123400.0,1341.3,1
2225,Poble Nou,70.0,1,24,0,0,64400.0,920.0,0
2270,Poble Nou,138.0,4,21,0,1,190000.0,1376.8,1
2289,Mareny,116.0,4,28,1,0,138400.0,1193.1,1
2122,Els Racons,90.0,1,44,0,1,117000.0,1300.0,1
2005,Els Racons,90.0,1,33,0,1,126700.0,1407.8,1
2232,Estació,85.0,1,49,0,1,112600.0,1324.7,1
2115,Mareny,96.0,1,42,0,0,117000.0,1218.8,0
2260,Mareny,104.0,5,29,0,1,138000.0,1326.9,1
2124,Els Racons,142.0,4,55,1,0,194800.0,1371.8,1
2035,Estació,81.0,2,45,1,0,88300.0,1090.1,1
2090,Els Racons,90.0,3,42,1,1,104500.0,1161.1,2
2073,Estació,61.0,2,56,0,1,49800.0,816.4,1
2274,Poble Nou,79.0,5,45,0,0,86500.0,1094.9,0
2141,Centro,78.0,1,20,1,0,137200.0,1759.0,1
2144,Playa,119.0,5,35,0,0,144100.0,1210.9,0
2200,Centro,119.0,2,11,0,0,171200.0,1438.7,0
2140,Playa,73.0,4,48,1,1,97200.0,1331.5,2
2011,Playa,70.0,1,43,0,1,91400.0,1305.7,1
2283,Els Racons,74.0,2,15,1,0,100300.0,1355.4,1
2112,Centro,91.0,4,16,1,1,127300.0,1398.9,2
2272,Mareny,95.0,3,58,0,0,101800.0,1071.6,0
2013,Poble Nou,100.0,5,22,1,1,145600.0,1456.0,2
2088,Poble Nou,117.0,1,57,0,0,127100.0,1086.3,0
2156,Poble Nou,71.0,4,45,1,0,79000.0,1112.7,1
2248,Els Racons,96.0,2,19,0,1,138500.0,1442.7,1
2137,Mareny,100.0,1,49,0,1,125300.0,1253.0,1
2042,Playa,49.0,4,48,1,0,63800.0,1302.0,1
2064,Playa,41.0,3,37,0,1,45000.0,1097.6,1
2295,Playa,74.0,3,29,0,1,105100.0,1420.3,1
2014,Centro,132.0,3,51,0,1,177800.0,1347.0,1
2162,Playa,88.0,1,48,1,1,125800.0,1429.5,2
2018,Estació,37.0,5,0,1,1,56300.0,1521.6,2
2215,Playa,92.0,1,50,0,1,115100.0,1251.1,1
2221,Els Racons,111.0,3,46,0,1,146700.0,1321.6,1
2286,Mareny,59.0,4,52,0,1,57200.0,969.5,1
2052,Els Racons,53.0,2,50,0,0,56100.0,1058.5,0
2086,Els Racons,151.0,3,1,0,1,218400.0,1446.4,1
2125,Els Racons,134.0,3,37,1,1,169300.0,1263.4,2
2089,Estació,87.0,5,33,0,0,105500.0,1212.6,0
2152,Poble Nou,135.0,1,31,1,0,180100.0,1334.1,1
2169,Mareny,83.0,4,58,0,1,87600.0,1055.4,1
2171,Poble Nou,117.0,2,24,1,1,161900.0,1383.8,2
2223,Estació,39.0,3,41,0,1,45000.0,1153.8,1
2087,Poble Nou,48.0,1,19,1,1,76300.0,1589.6,2
2165,Playa,83.0,4,58,0,1,91700.0,1104.8,1
2117,Els Racons,105.0,3,47,0,0,113600.0,1081.9,0
2146,Poble Nou,110.0,2,51,1,1,152400.0,1385.5,2
2195,Estació,84.0,5,4,1,1,132800.0,1581.0,2
2269,Centro,85.0,4,52,1,1,93500.0,1100.0,2
2297,Centro,67.0,3,29,1,0,96300.0,1437.3,1
2188,Els Racons,128.0,1,19,1,0,175100.0,1368.0,1
2126,Estació,76.0,2,16,1,0,120900.0,1590.8,1
2237,Poble Nou,122.0,3,23,1,1,172600.0,1414.8,2
2217,Poble Nou,102.0,1,18,1,1,148100.0,1452.0,2
2072,Playa,85.0,2,45,0,0,106300.0,1250.6,0
2273,Playa,40.0,1,45,1,1,45000.0,1125.0,2
2246,Estació,114.0,4,2,1,1,162700.0,1427.2,2
2187,Estació,57.0,1,46,1,1,77900.0,1366.7,2
2219,Poble Nou,48.0,4,24,0,1,73700.0,1535.4,1
2082,Playa,96.0,5,41,1,0,142300.0,1482.3,1
2281,Estació,76.0,2,52,0,1,96700.0,1272.4,1
2096,Els Racons,81.0,3,16,0,1,101300.0,1250.6,1
2134,Mareny,82.0,2,7,0,1,119000.0,1451.2,1
2267,Centro,56.0,4,41,0,0,67300.0,1201.8,0
2288,Poble Nou,89.0,3,9,0,1,136800.0,1537.1,1
2138,Poble Nou,90.0,3,28,0,0,117100.0,1301.1,0
2101,Estació,35.0,5,25,1,1,45000.0,1285.7,2
2206,Mareny,96.0,1,9,1,0,167100.0,1740.6,1
2210,Poble Nou,96.0,3,49,0,0,111200.0,1158.3,0
2280,Poble Nou,75.0,3,18,1,1,105800.0,1410.7,2
2180,Playa,104.0,2,34,0,0,146600.0,1409.6,0
2275,Centro,120.0,5,48,0,1,158200.0,1318.3,1
2009,Centro,66.0,3,25,0,1,81800.0,1239.4,1
2108,Mareny,124.0,2,4,0,0,172400.0,1390.3,0
2054,Mareny,105.0,3,5,1,1,138800.0,1321.9,2
2028,Mareny,130.0,4,41,1,1,161500.0,1242.3,2
2205,Estació,84.0,1,10,0,1,126100.0,1501.2,1
2061,Playa,60.0,5,54,0,0,54800.0,913.3,0
2093,Mareny,112.0,3,54,1,0,131900.0,1177.7,1
2033,Els Racons,75.0,5,45,0,0,99400.0,1325.3,0
2296,Mareny,135.0,1,9,0,0,182600.0,1352.6,0
2186,Mareny,53.0,3,38,0,0,62800.0,1184.9,0
2136,Centro,126.0,3,53,1,1,164400.0,1304.8,2
2023,Mareny,104.0,1,4,1,1,145500.0,1399.0,2
2063,Mareny,115.0,2,34,0,1,144600.0,1257.4,1
2290,Mareny,44.0,5,27,0,1,45000.0,1022.7,1
2239,Poble Nou,76.0,2,43,1,0,101300.0,1332.9,1
2192,Estació,98.0,4,45,1,1,120700.0,1231.6,2
2251,Playa,66.0,1,29,0,0,81600.0,1236.4,0
2261,Playa,35.0,4,58,1,1,55500.0,1585.7,2
2240,Estació,105.0,1,10,1,1,155800.0,1483.8,2
2174,Els Racons,136.0,4,23,1,1,208400.0,1532.4,2
2036,Estació,85.0,3,16,0,1,105600.0,1242.4,1
2194,Centro,149.0,1,35,1,0,212100.0,1423.5,1
2179,Playa,60.0,1,4,0,0,90600.0,1510.0,0
2168,Playa,42.0,3,58,0,1,45000.0,1071.4,1
2121,Mareny,86.0,2,21,1,0,134500.0,1564.0,1
2253,Playa,102.0,1,29,0,1,127500.0,1250.0,1
2020,Mareny,89.0,2,47,0,1,94800.0,1065.2,1
2208,Els Racons,81.0,1,37,0,1,109300.0,1349.4,1
2045,Poble Nou,86.0,2,54,1,1,109100.0,1268.6,2
2069,Poble Nou,91.0,5,55,1,1,123900.0,1361.5,2
2077,Els Racons,102.0,5,10,0,1,146200.0,1433.3,1
2209,Mareny,89.0,5,52,0,1,106900.0,1201.1,1
2113,Mareny,114.0,3,11,0,1,160900.0,1411.4,1
2292,Poble Nou,71.0,4,39,1,0,77500.0,1091.5,1
2213,Centro,146.0,1,49,0,1,197300.0,1351.4,1
2012,Poble Nou,58.0,4,40,0,0,70000.0,1206.9,0
2056,Poble Nou,146.0,5,16,0,1,195800.0,1341.1,1
2189,Mareny,63.0,2,36,0,1,78300.0,1242.9,1
2241,Poble Nou,86.0,1,36,1,1,114400.0,1330.2,2
2010,Playa,140.0,3,53,1,1,189000.0,1350.0,2
2235,Els Racons,55.0,2,36,1,1,71900.0,1307.3,2
2265,Poble Nou,78.0,2,28,1,1,110500.0,1416.7,2
2030,Els Racons,99.0,1,12,0,1,148200.0,1497.0,1
2040,Poble Nou,101.0,4,7,1,1,142700.0,1412.9,2
2105,Centro,91.0,2,36,0,1,125800.0,1382.4,1
2057,Estació,135.0,3,44,1,0,186200.0,1379.3,1
2262,Poble Nou,130.0,5,31,0,0,177600.0,1366.2,0
2022,Playa,67.0,5,14,1,1,89800.0,1340.3,2
2092,Estació,76.0,5,12,0,1,121300.0,1596.1,1
2229,Playa,67.0,3,8,1,1,124000.0,1850.7,2
2183,Poble Nou,84.0,5,34,0,1,116700.0,1389.3,1
2294,Centro,116.0,2,30,1,1,160900.0,1387.1,2
2060,Els Racons,115.0,3,36,1,1,157300.0,1367.8,2
2276,Els Racons,52.0,4,6,1,0,79000.0,1519.2,1
2173,Els Racons,107.0,3,44,1,1,129000.0,1205.6,2
2233,Estació,55.0,4,40,0,1,61800.0,1123.6,1
2091,Centro,47.0,2,13,1,1,79100.0,1683.0,2
2037,Estació,91.0,3,42,1,1,120900.0,1328.6,2
2157,Poble Nou,138.0,2,45,1,1,176200.0,1276.8,2
2003,Estació,80.0,2,58,0,1,111400.0,1392.5,1
2053,Poble Nou,116.0,2,30,0,1,168900.0,1456.0,1
2263,Poble Nou,108.0,5,35,0,1,137100.0,1269.4,1
2190,Playa,122.0,3,34,0,1,161200.0,1321.3,1
2049,Mareny,118.0,2,34,1,0,153200.0,1298.3,1
2159,Playa,92.0,5,22,0,1,131400.0,1428.3,1
2266,Mareny,81.0,4,26,0,0,95200.0,1175.3,0
2142,Estació,35.0,2,3,0,1,45700.0,1305.7,1
2224,Poble Nou,79.0,4,32,1,0,102000.0,1291.1,1
2097,Estació,125.0,5,51,0,1,145100.0,1160.8,1
2184,Poble Nou,59.0,3,34,0,1,85100.0,1442.4,1
2076,Centro,88.0,3,44,0,0,96100.0,1092.0,0
2019,Centro,112.0,5,5,0,0,155900.0,1392.0,0
2243,Poble Nou,80.0,5,10,1,1,114100.0,1426.2,2
2256,Mareny,96.0,2,4,0,1,135600.0,1412.5,1
2161,Els Racons,57.0,1,17,1,1,106200.0,1863.2,2
2081,Els Racons,63.0,2,10,1,0,109200.0,1733.3,1
2145,Mareny,118.0,2,26,0,0,145500.0,1233.1,0
2220,Els Racons,116.0,4,16,1,1,160000.0,1379.3,2
2100,Poble Nou,69.0,3,51,0,1,79300.0,1149.3,1
2236,Centro,123.0,5,6,0,1,177900.0,1446.3,1
2118,Poble Nou,69.0,5,27,1,1,86900.0,1259.4,2
2002,Els Racons,69.0,3,18,0,0,98100.0,1421.7,0
2114,Estació,107.0,1,10,0,1,144000.0,1345.8,1
2277,Poble Nou,122.0,4,26,1,0,158100.0,1295.9,1
2175,Centro,81.0,5,0,0,0,130000.0,1604.9,0
2254,Playa,79.0,1,55,1,1,89300.0,1130.4,2
2268,Playa,166.0,4,8,0,1,245800.0,1480.7,1
2185,Els Racons,100.0,1,31,0,0,131700.0,1317.0,0
2166,Els Racons,83.0,4,27,0,0,97300.0,1172.3,0
2193,Centro,107.0,3,45,1,0,143100.0,1337.4,1
2001,Poble Nou,90.0,1,16,0,1,110100.0,1223.3,1
2055,Estació,116.0,3,11,1,0,191700.0,1652.6,1
2029,Mareny,75.0,5,47,1,0,82800.0,1104.0,1
2207,Centro,99.0,3,32,0,0,116900.0,1180.8,0
2050,Centro,76.0,2,33,1,1,89800.0,1181.6,2
2021,Estació,92.0,2,56,0,0,98200.0,1067.4,0
2177,Poble Nou,96.0,2,10,1,0,146900.0,1530.2,1
2034,Poble Nou,109.0,5,56,0,0,124200.0,1139.4,0
2172,Els Racons,67.0,4,2,0,0,94300.0,1407.5,0
2008,Playa,49.0,2,16,0,1,85300.0,1740.8,1
2300,Poble Nou,67.0,1,17,0,1,92000.0,1373.1,1
2107,Els Racons,62.0,3,30,1,1,87900.0,1417.7,2
2098,Els Racons,89.0,4,28,0,1,129700.0,1457.3,1
2111,Playa,88.0,5,36,0,0,111800.0,1270.5,0
2070,Estació,64.0,2,17,1,1,106800.0,1668.8,2
2130,Mareny,98.0,2,30,0,1,142800.0,1457.1,1
2259,Mareny,114.0,5,9,0,1,169400.0,1486.0,1
2151,Poble Nou,92.0,2,29,0,0,114300.0,1242.4,0
2027,Poble Nou,54.0,4,2,0,1,98300.0,1820.4,1
2094,Centro,88.0,5,43,0,1,117000.0,1329.5,1
2149,Els Racons,82.0,2,0,1,1,127300.0,1552.4,2
2120,Els Racons,52.0,3,12,0,0,75500.0,1451.9,0
2139,Poble Nou,136.0,5,48,0,0,181600.0,1335.3,0
2170,Poble Nou,64.0,5,19,0,1,92000.0,1437.5,1
2203,Centro,75.0,2,46,0,1,98200.0,1309.3,1
2148,Els Racons,96.0,2,52,1,1,124400.0,1295.8,2
2278,Els Racons,100.0,2,48,0,1,127500.0,1275.0,1
2257,Centro,54.0,2,47,0,0,63900.0,1183.3,0
2132,Playa,92.0,4,4,0,1,143700.0,1562.0,1
2250,Estació,38.0,5,11,0,0,47800.0,1257.9,0
2153,Mareny,107.0,4,14,0,0,143100.0,1337.4,0
